subject,activities,Mean of body acceleration (x axis),Mean of body acceleration (y axis),Mean of body acceleration (z axis),Mean of angular velocity (x axis),Mean of angular velocity (y axis),Mean of angular velocity (z axis),Mean of total acceleration (x axis),Mean of total acceleration (y axis),Mean of total acceleration (z axis)
1,laying,-0.011535888911514063,-0.012260907411439688,-0.0016173186560131244,0.011470440378349532,0.004448692664973437,0.02759843499418281,0.1481625732290625,0.7104549807047812,0.43097425173548437
1,sitting,-0.0033669880771878325,0.008302968745452194,0.001243222193540891,-0.018229270711354058,-0.007939407745763098,-0.010357234357467751,0.9203974209773936,0.23051247308676862,0.3220262739694149
1,standing,2.765324364535377e-4,5.24808830951651e-4,-7.578602536434552e-4,0.003802733894823703,0.006746301110150649,-0.005103968594776238,1.0028541055129716,-0.25405924694870285,0.006975224716001179
1,walking,-5.0491199055920796e-5,-1.2885413594736846e-4,-9.383201095600329e-4,-0.014599858215148026,0.002171393077113487,-6.143049075312501e-4,0.9970611809210527,-0.2638825236461546,-0.07338911638832549
1,walking downstairs,0.002393124844292092,0.003786799231664541,2.449301933434309e-4,-0.007635393746619899,-0.007493769602104593,0.0016606945616230884,0.9971364992028061,-0.2444317998309949,-0.06632631842016581
1,walking upstairs,-0.004557285089696344,-0.003574552720794516,0.003635607257815448,0.08067649511583137,-0.04146095173051297,-0.012380683650188679,0.9629419350972878,-0.34721572298245873,-0.07598915283581957
2,laying,7.826204599078776e-4,-5.35310148371875e-4,3.508313103059896e-4,0.009486628858291634,-0.016913599976112303,0.025913675310260415,-0.024011024614453126,0.7691082066080729,0.630486895328776
2,sitting,-1.0065241385071335e-4,7.606279529014947e-4,-3.008189988987773e-4,-0.018353656929914062,0.006506350649667799,-0.0199630489963625,1.0007267641304347,-0.08668060831922554,0.18946841015523097
2,standing,6.918301412624423e-5,-6.727782929701968e-4,7.925207856686921e-4,0.003932010286347945,-0.003476618242225405,6.649366736782408e-4,0.9700984325665509,-0.35221331011284723,0.12277379744270833
2,walking,-2.3682352644597472e-4,-7.640919728124999e-4,9.273586101697563e-4,-0.026145655412298727,0.011784514857482786,-0.0015486812059666317,0.981170597153072,-0.32887858792770125,0.0786663049567929
2,walking downstairs,8.156667493351188e-6,-0.002897021400731383,-0.0028096449867669546,-0.09103970326037233,0.031386088491999004,0.004798125374301861,0.9452162308344415,-0.3102107848314495,-0.051464899919776264
2,walking upstairs,-0.006267116015266927,-0.0022417460815084634,-0.014603116950817382,-0.030957360475748697,0.019076103948372395,-0.007743288215625001,0.8886483344075521,-0.3998762861083333,-0.21263173670079102
3,laying,-4.243020754899194e-4,-9.533147508901209e-4,0.0023147489256525704,0.007072811376636089,0.0011236255357144657,0.02286720155645892,0.16431185728326614,0.8530791370715726,0.4770509182207661
3,sitting,-0.004199547465150841,0.0071518143813936,0.0032867950034738583,-0.011202138350172326,-4.0706760554777647e-4,0.003398473711746695,0.9687790636268029,0.152350318292488,0.1343812901484375
3,standing,5.091736954852716e-4,0.0014688976675824794,0.002208628762879226,0.003106704726577869,0.007146789681439549,-0.008766200698723872,0.9974847590804303,-0.28183020950307375,0.021019500186045082
3,walking,-4.1387283059065184e-4,-2.026214477640079e-5,-0.001442669837578125,0.002098136592214439,-0.0016144030650565738,-0.0022059581740490296,0.9976055302532327,-0.24362070988345905,-0.14268909977942887
3,walking downstairs,0.003059828422748724,-0.0011629786873022959,-0.002587294146285842,-0.10715548348792092,0.027271847638016582,0.016594449326256377,1.0028833640959822,-0.2116480838320153,-0.1086963006314037
3,walking upstairs,-0.0034530665892213985,-0.008010772423569915,-5.804824698305085e-4,0.10300380523233581,-0.02931820226847193,-0.02866763644067002,0.9571029862817797,-0.372323638454714,-0.16623394618361492
4,laying,-0.002888540681130917,0.0011198193173706597,-7.863790902905093e-4,0.019021493100599102,-0.008430931928733797,0.03690653379800981,0.03532302788776331,0.933186772265625,0.32932037685619214
4,sitting,-0.0012442092732226563,0.005232062581048125,8.037326187065626e-4,-0.022451050189938437,-0.006813339538680937,0.00655809741564375,0.94924790875,0.23464342302567032,0.10349738955
4,standing,6.025762995636162e-4,0.004012021602350726,0.004013685766475725,-0.003063160494341518,0.005650241380790737,-0.004766320155121652,1.0125477252232142,-0.053737575912458146,0.1624999022315848
4,walking,2.073681559713541e-4,0.0012054397657252605,-0.0010225444678450522,-0.0042526381956770835,7.444555404166671e-4,-0.0025515666579895833,1.0176701210677084,-0.06648473115061458,0.11900994170319011
4,walking downstairs,4.924429676319446e-4,0.0038479022368055555,5.054588244184028e-4,-0.07752023928817015,0.0017774433754513895,-0.011980403582329862,1.0064503833159721,-0.040103484062954865,0.14112670954269443
4,walking upstairs,-0.0013805491281400242,-0.0077849639977073315,-0.0019529114579281848,0.06915956515820913,-0.005240835258563701,-8.663297509224762e-4,1.0035395291616587,-0.2223799720143134,0.07523615165976863
5,laying,1.563249781583233e-4,-6.116123980615985e-4,1.2223764604537258e-4,0.0059626190485652045,-0.002497464544571514,0.03255762636953365,-0.0060492151821024635,0.971130498046875,0.2536879033203125
5,sitting,-7.999279483135653e-4,0.0037960669815349435,-7.685733161328127e-5,-0.01501709759530895,-0.004157809677788707,-0.0017435169001786223,0.9577745163352273,0.19008484661020952,0.13493504880057883
5,standing,0.001023938325357101,0.005315396944924414,0.0020271487735574775,-0.0047403974433917135,0.010543235582508454,-0.007629465061181919,1.0157915072265624,-0.01529030851985212,0.1327460997642299
5,walking,5.4937884497767616e-5,-7.70382653041294e-5,1.8692753149832596e-4,-0.021882238926534597,0.002404600030619419,-0.0021196732030412946,1.02361758344029,-0.08233507730424386,-0.002904056177935268
5,walking downstairs,0.003290731731050532,0.004530259379072473,0.002638663569105718,-0.04189306606431183,0.001606775369853724,-0.002512493453789894,1.0155552284906915,-0.038095355770540226,0.01841751914331782
5,walking upstairs,-0.0018786931115392282,-0.008071634552569814,2.762255304903589e-4,0.06930044340817487,-0.019349285570013298,-0.019424622491097075,0.9963635512300532,-0.2556233059610738,-0.028050900172624002
6,laying,-0.005959699215350329,0.003611395461868695,-0.008196384750292763,0.020332399650271928,-0.014844625251799616,0.04105876081785609,-0.007383978147036733,0.9770548270970395,0.1591086852499589
6,sitting,-1.6430344253457388e-4,0.0013359305114644887,-6.012490922018466e-4,-0.009869334611814773,-0.0070292750622625005,-3.9753155614772755e-4,0.9958651362926136,0.08756835461105114,0.06219525126981818
6,standing,5.709434258226425e-4,-5.168960705825384e-4,-0.0012768297605482456,-5.951211306866776e-4,0.006933606563001645,-0.004245908429654605,1.0046951933936403,-0.21242203097861842,0.0068776135162390345
6,walking,0.00125361086125,1.2731823721491204e-4,-6.592030917050439e-4,0.0022331413704021375,-4.823962239172172e-5,-0.001085192178042763,1.0145210072231359,-0.19624124603777138,0.026431884710888157
6,walking downstairs,-1.0932653372395879e-4,-0.0012581418060774738,3.628077853190106e-4,-0.0705534005924528,0.018132524835807292,2.958571804280603e-4,0.9922698622721354,-0.19697900344543132,-0.008188245290716146
6,walking upstairs,-0.0019261144401348043,-0.005299879253538603,-0.004550373219123775,-0.0506039534477022,0.010132062913538603,-0.008811700211871935,0.9799161727175245,-0.32754730065781557,-0.028216790849957107
7,laying,-0.00564642044646875,-0.00173246452809381,0.0022947441969852762,0.025627430398428484,-0.02675836343357632,0.030798623930954328,-0.025532023775633114,0.40927140727163464,0.8886299860877404
7,sitting,0.0014629411161930339,0.0013255376993787434,-0.004676616279938529,-0.0226516064794125,0.018388183872266928,-0.02672586215087386,1.0225665166829427,0.02546194679056966,0.05364029059073242
7,standing,0.0010608573298723468,0.0013449141311895638,0.002817740916127948,-0.0015298408928352003,-0.0013970318504958727,-5.436307724161262e-4,1.0147958909787735,-0.09805824632989386,-0.0534716677109375
7,walking,-4.0861767949972597e-4,-7.949050712993422e-4,-8.604039364939693e-4,0.03090254435348136,-0.00423138748870614,-0.009835385242736019,0.9948241805235746,-0.141635712329906,-0.16445306385064967
7,walking downstairs,5.628712701695482e-4,2.648352199833777e-4,0.0037557500831781913,-0.08017161791166888,0.011116652317451795,0.013526427767952128,0.9944216745345745,-0.11138748769710306,-0.15402764615339096
7,walking upstairs,-0.005949311738135723,-0.0054684374507935046,-0.011714549360554534,-0.1145861753679473,0.032447855984466915,0.02340606006570619,0.9087886877604167,-0.22805999182069547,-0.4138663273728707
8,laying,-0.003363542844190972,-0.002145267685678241,0.002002614370512442,0.03406389524837818,-0.006681211041587384,0.022950738698267477,0.04526852907730903,0.6050890566695601,0.7038742862847223
8,sitting,-0.0020781782661932744,0.005461567795401325,0.0012706846236317936,-0.027913265940465014,-0.009557907867205095,-0.00651842875019922,0.9223538041779892,0.26330960993121605,0.25508251635869567
8,standing,4.2148084476984957e-4,0.0012204616458194445,7.243184482164352e-4,0.005886612231711487,0.020916640057583914,-0.01002196107795544,1.0134077497395833,-0.0710702226331062,-0.10104737958839699
8,walking,-5.954617505533853e-4,-7.997411818196613e-4,3.486901870605467e-4,0.05278825144700521,-0.009685622020035808,-0.015653086234641927,0.9812143670735677,-0.19957261256044923,-0.18822572392631837
8,walking downstairs,0.001217592287413651,-0.0020811162752775495,2.3437766988075638e-4,-0.09644631946924342,0.010954767985608554,0.012308900861862664,0.9833365734786184,-0.1713992176193976,-0.14465802721568669
8,walking upstairs,-0.0038528055909032017,-0.0058238552295579275,-0.002251097820141006,0.2272879814742721,-0.05863367037802725,-0.07027773402040778,0.9403208756859757,-0.278742426824657,-0.1967603075532965
9,laying,-0.003787810910176344,-0.001777399537276875,2.503709303321875e-4,0.014483070598267813,-0.038179902601117185,0.00661327766128875,-0.07843890639135,-0.10272575675468751,0.936051265671875
9,sitting,-0.006027659743680625,-0.00518146462093375,0.010877837487744124,-0.015113380428971406,0.014859690894535937,-0.0024523321970799997,0.9777186296406251,-0.028499442444834374,0.08914353529474688
9,standing,9.756465815226736e-4,-0.0015249377373980904,0.004305291341182118,-0.0015555374763826387,0.006108368611498611,0.005713014871338195,1.0165457612847222,0.006159955590121528,0.0077705126093749995
9,walking,1.9105280767127406e-4,-4.988348006280048e-4,-8.301031532151442e-4,-0.054827715900447715,0.005318384629927884,0.011196196457061297,1.009073468359375,-0.01383776012201322,-0.12020919761015926
9,walking downstairs,0.0037811041045204617,-0.001710580528813244,0.005708204034561012,-0.06596859083074814,0.0013903817123325896,0.013486433305874256,1.0031520158854166,-0.01884100959237351,-0.08067105282918527
9,walking upstairs,-0.0031199153950159436,-0.001244121160711097,-0.005586508060369898,-0.14056490884834183,0.014935689865663265,0.026272960974489796,0.9709540300860969,-0.02093563551065051,-0.27252537107101404
10,laying,5.471051031285023e-4,-0.0037535870476850483,-0.002927147930836207,0.008373463125016972,-0.0012159475202707431,0.00813820787615124,0.01584141643995151,-0.12482003426724138,-0.03903557283135776
10,sitting,-0.0014350860670966435,0.0010991023025067998,0.0013393324964313946,-0.01605638446722387,0.0028624887316054397,-0.005194639711980904,0.8943076475549768,-0.022054035927372685,0.1948505850018808
10,standing,-1.9072031555557526e-4,8.372767823934658e-4,1.1349038912116469e-4,-5.265567472446734e-4,-0.006024122625450995,0.007488079400699574,1.0102063366832386,-0.024212475552201705,0.02868764569027628
10,walking,2.057330819428064e-4,6.074058876621482e-5,-2.477137366126179e-4,0.03956705499637382,-0.003437979764637381,0.005460138592158019,1.0170266551149765,-0.06560565975701652,0.048206569365392096
10,walking downstairs,0.002643156382483553,-0.0015037369086759868,-8.393811633018089e-4,-0.10021070747191611,-0.014629815156291118,-0.006147321271093751,1.0029968475328948,-0.047982733609457234,0.03478436775265214
10,walking upstairs,-0.0021543495652593084,0.0014438070818783245,-0.00326137924653258,0.10418643620114196,-0.009535828868038564,7.230255497672874e-4,0.9925795514960106,-0.03699628583706449,0.013573885219790891
11,laying,6.217879928078399e-4,-2.73612566814693e-4,-1.5821265356280156e-4,0.008766977350266226,0.014799699964889213,0.029072073832828536,0.24097760834978071,0.9596110635964913,0.10499196931565241
11,sitting,-2.0310632252883257e-4,0.001163680433206368,-0.0014972942787818396,-0.012709940213794811,-5.368475488216392e-4,-0.0044962076623328425,0.9521707550707548,0.23266616725617628,0.17825298815300708
11,standing,2.8809819787101065e-5,-3.196083030385641e-5,-1.2519613821855054e-4,-0.0016906601697800863,-9.964936834039894e-4,-0.0023342080673553855,1.0121626011136968,-0.1548408382413564,0.11935137383477394
11,walking,-0.001185762333879767,2.5731045791445973e-4,7.304934518670551e-4,-0.015488814837619174,0.0017287260149046616,-8.667440376588985e-4,1.0038786865068856,-0.19346560968548993,0.12694343588539458
11,walking downstairs,0.0028912851015862767,-3.522720656419841e-4,-9.12568411128397e-4,-0.10044699079619736,0.021699633987296192,-0.012750285821711957,1.0046162457370924,-0.1823660459237432,0.12364789287566237
11,walking upstairs,-0.0028438956299479167,-0.006911835722024016,4.989532849826387e-4,-0.056121966979832176,0.007967293375448496,-0.00997038623119647,0.9641426314670138,-0.33199998708078704,0.1390750934525955
12,laying,-0.003598650310159635,-2.004884127446094e-4,4.872967262500011e-5,0.01342836747808073,-0.004160214913365885,0.026050436818749738,0.06436716138198685,0.8202211245703125,0.26481598754440105
12,sitting,-5.293266171023284e-4,7.074919918957721e-4,6.60816593788603e-4,-0.01520315050365196,-3.876703510196077e-4,-0.005969026404540441,0.990221519653799,0.10170930787112438,0.08217045900817034
12,standing,-3.5019195807761286e-5,1.2478167584579914e-4,9.185578742543545e-4,-0.002401146464028405,0.0019554313438291497,-0.00534470724824667,1.0127022382940574,-0.2004090261308914,-0.04346111768472592
12,walking,-9.213910851562547e-5,8.27275840871875e-4,0.001700108022771875,-0.07924759208265625,0.018019249012278124,0.00603742439878125,1.0194030086875,-0.13690390335409064,-0.03928524833743125
12,walking downstairs,8.130569077072012e-4,-4.962476532031251e-4,-4.1236112687839676e-4,-0.08751683233274117,0.01426979080642833,0.001421025020176631,1.0082774439538043,-0.16091751108448368,-0.06107262449074389
12,walking upstairs,-9.490889585787259e-4,-0.004835659962154447,3.197388680573917e-4,-0.06750025977719351,0.014993181860315504,0.0015355573722205525,0.9983890778545673,-0.24559753593308292,-0.0742414764333113
13,laying,-1.77106713496686e-4,-0.001732098904625252,0.0013133593491449092,0.018501139838621724,-0.01006184122638634,0.01393575633177873,0.2246057824861391,0.671896923311492,0.5843278893649193
13,sitting,-6.69198850622449e-4,0.005906447761803571,0.003653938060416135,-0.008083303832351403,-0.007191997971325096,-0.0017657535529910715,0.9896202172034438,0.12560351624410077,0.07259779250653699
13,standing,3.764410256291119e-5,1.8303139062253278e-4,-0.0012607440169586897,-0.0019330933757425986,-4.429712252776864e-4,-3.81312210084978e-4,1.0024336723273026,-0.22140199501507676,-0.05836413299890351
13,walking,-3.4881859183662266e-4,-7.489576999040572e-4,-0.0010319227794599781,0.010575570404476974,-0.0024867604548985743,-0.003501874991515899,0.9795298702028509,-0.26599430560594844,-0.1355878188231908
13,walking downstairs,0.0035717470305518615,0.0014506821211921542,0.002085669826156915,-0.09797536661319814,0.02285408428027593,0.01104326329943484,1.0053880850897607,-0.1917820995099069,-0.09687821956905585
13,walking upstairs,-0.003992159260801136,-0.0055603983673125,-0.005767621203308807,-0.1140866468596875,0.03528833367948153,0.013431180009232954,0.9311756031392046,-0.34445869349519886,-0.21521444977264204
14,laying,-0.00912944379472793,0.0030399135209385722,0.007093832683468781,0.03375304697033701,-0.03570611803669577,0.0277907943660432,0.2236934382858456,0.5058805073376226,0.823680285814951
14,sitting,4.976462356587094e-4,0.004422954480266783,0.002611720897320023,-0.016878488157067852,0.001350676501510648,0.0028854961498287032,1.0003077276909722,-0.013928865896788194,-0.0958755667459346
14,standing,6.12028731561224e-4,0.0010124886236787605,0.001483207882327552,0.005761349811278646,0.008365510580665625,-0.0032243599243361983,0.9553591354296875,-0.20733832821614584,-0.33637399215364583
14,walking,-0.001157383596757415,-0.002433941174258474,5.124476366869704e-4,0.024956918968543435,-0.0038958856870762704,-0.015495311346239406,0.9024260432070974,-0.25435235363476694,-0.4202084596252648
14,walking downstairs,0.003265627772510417,-0.0015084921733454864,0.005111893759427084,0.013373411219895834,-0.009115408554472224,-0.02257136216746528,0.9162708636805555,-0.24737439690590277,-0.38618684146836807
14,walking upstairs,-0.003123091494933449,-0.0017312405860011577,-0.001312128764416956,0.11247791891186343,-0.022195507434953705,-0.05774517075371383,0.8193305087181713,-0.30594917727256943,-0.4933724011268808
15,laying,0.002452337632619401,2.667149040360243e-4,-0.0033769387556524524,0.011184763642809679,0.005584667870179406,0.012002648918285373,0.21652743921006945,0.9164311894965278,-0.045182873347478295
15,sitting,-9.628884569759535e-4,0.0028424962021896187,-0.0017685152027207308,-0.010350855341091578,-0.0027105321528568594,0.003923567925028734,0.9644240026615466,0.23148159714274363,-0.004525938169541843
15,standing,2.76156352332842e-4,-6.3648680571079e-4,7.9176227921079e-4,0.0014764014853478774,0.003781553318089328,-0.004487032112132164,1.018820377682783,-0.14708638614976416,0.05874896683048349
15,walking,-7.576672569473381e-4,2.9991334664351937e-5,2.2655378165538205e-4,-0.028685426327199073,0.005913040376987847,-9.224915216521992e-4,1.0078824018952546,-0.2155377658120949,0.06912941718046008
15,walking downstairs,5.405679502715772e-4,0.006035924630770089,-7.328361343545387e-4,-0.11235902536313244,0.017907972791357887,-0.006708327156491815,0.995586477250744,-0.14315965046481027,0.07126223560408482
15,walking upstairs,-0.0015225591745608726,-0.006091813871966146,-0.0028557360813925782,0.12170831715885416,-0.03629192059091471,0.002140080218621419,0.9837939536132813,-0.3026001289197591,0.07139773488515624
16,laying,-6.900823598573662e-4,2.7683968034174114e-4,3.2939762637970986e-4,0.011881488998909822,-0.01775980611877344,0.004553473933183705,0.18878062920200894,-0.0015694421651785725,0.873247152421875
16,sitting,6.579765900471015e-4,0.0036130336664872056,0.00633171343982337,-0.013950562877108991,0.007624311186369565,-0.0029915389115505436,1.0028857398663948,-0.06481043845889946,0.08853334168201993
16,standing,0.0012203356764826923,2.8228602851103763e-4,0.0015360536866211318,-0.0023296604612939305,0.0025607226386658655,1.776896995427884e-4,1.002833094891827,-0.03947582142560096,-0.16784538767928686
16,walking,-3.198785144730394e-4,-0.0017259296114568014,-1.6398441856004905e-4,0.012894633437866116,0.0021418102486326597,-0.0019773690780851712,0.9902558290134804,-0.05041071021836091,-0.219284775773894
16,walking downstairs,0.003711726971635638,-6.565350424501328e-4,-0.00382074003806516,0.005298601604155583,0.002742646340757979,-0.0012369456204454781,0.9885145323969414,-0.041010452394979725,-0.2308340896055851
16,walking upstairs,-0.004449213956449143,0.0014542960605575979,-0.0052084381158899505,0.1026354666913603,0.011615002353599878,-0.04165909480358456,0.9160368031556373,-0.060981082457098656,-0.3832441429097426
17,laying,-0.0016065392235583187,1.5313344831228e-4,4.2989172131580104e-4,0.004330875182348152,-0.009083431195796875,0.01111241893003389,0.19327480446082745,0.6761702690140845,0.705078706778169
17,sitting,-4.507916665185546e-5,0.0015640345969781494,-0.0017562370070509034,-0.01534056805374292,0.0033477393464953612,-1.449101902224125e-4,1.0038986431762695,0.016808528326513673,-0.14073848521630616
17,standing,7.557775417417867e-5,-1.4363888637339745e-4,-0.0010321509945845552,7.39670474030609e-4,-0.0012297842690128205,7.627568051813301e-4,0.9755857047976763,-0.23925021855969553,-0.20574282293970353
17,walking,-0.0010786086903688526,-7.07770505722336e-4,-4.903848475998973e-4,0.01903068046632915,-0.004351466610438012,-0.004700098164385246,0.991004192661373,-0.16235269621842727,-0.19299384288522028
17,walking downstairs,0.0033678772950577448,2.1096664756793478e-4,0.006297730975509511,0.09843988547182404,-0.02220346848262568,-0.031001190995295514,0.9959494124660326,-0.1326200063416746,-0.15740898595589334
17,walking upstairs,-0.005146041211197917,-0.0030035747074160153,-0.004288744612534993,-0.0028363938945312503,0.008801332645003256,-0.01338377503354492,0.9341916236653646,-0.2687434702433545,-0.3028335984772461
18,laying,-5.943754658784615e-4,-1.340728629651202e-4,2.0108199830860577e-4,0.0025770317200536057,-0.004252769044175481,0.0032952610209646634,0.1791049526923077,0.7367695366346154,0.5897117435336539
18,sitting,-6.300828212264254e-5,0.002239159286422371,-0.0011882797670773027,-0.00580734166534205,0.0026004986733878838,-6.721803938719845e-4,0.9790807131304825,0.15001750271912007,0.15236818841008773
18,standing,1.8197790768839897e-4,2.637264671059932e-4,-4.813604713467465e-5,0.0011216497693927656,5.026875947570633e-4,-8.912554734818065e-4,1.0060277425085618,-0.1856295274400685,-0.053310102490368154
18,walking,-7.600273195926336e-4,-3.48385608563058e-4,0.00135086865554827,-0.012649585884486607,0.005854368304857701,0.003602260822506836,0.9883191640904018,-0.23628922997580915,-0.06405229713724889
18,walking downstairs,0.002238800591025568,1.4238561239318182e-4,0.00162422789175,-0.03091981964987784,0.004839095056832387,0.0054944793258125,0.9972672208806818,-0.207326438964375,-0.052411106322798294
18,walking upstairs,-0.0025089430546147633,-0.0026581861340099675,-0.0014364029575264007,-0.020001472873688038,0.009809162341729526,0.001921219057920259,0.9579034182650862,-0.30082334377020475,-0.11124024996588766
19,laying,-0.0010143357875641943,-2.3771428127974637e-6,-2.2259086569695032e-4,-0.0036431279347034517,-0.009446785507437877,0.009857509142799887,-0.14623833771677258,0.7427850252635542,0.6699977985222139
19,sitting,-7.718647066269264e-4,2.0922522082508554e-4,-1.321410728386772e-4,0.006455988785149422,0.010076714389145333,0.004676087793676177,0.7460916604345035,0.37815408467465755,0.4750201230318921
19,standing,1.229261763693065e-4,8.988831877833904e-4,-2.425576132051156e-4,0.00266532200352119,0.005055113079141973,-0.006763120859047325,1.0034740666738013,-0.20466103266909247,0.12261978787350171
19,walking,-7.510803953725964e-4,-0.0010695883769230767,-0.004766493916505409,1.8335790790264593e-4,-3.691110266766831e-4,-0.002886615196739784,0.996360136960637,-0.2060705028825601,-0.09858173709191406
19,walking downstairs,-0.0030680699074118597,0.0013343228541774842,-0.008386552887676283,-0.18368378149727566,0.0459666507875,0.034358147089463144,0.9563616878959135,-0.19535702274879807,-0.1378786159797476
19,walking upstairs,-0.007306996331185547,-0.006955305940238281,-0.014121053471144531,0.06861418045203124,-0.027168601145039065,-0.038313278767566405,0.9149853038476562,-0.3755123690743711,-0.2368362264553125
20,laying,-0.007845057228766475,0.0014148872312973347,0.0013323678646119026,0.004639851947426011,-0.009549347166642923,0.016529597811957834,-0.0062435555763327225,0.8832630835477941,0.4651309291704963
20,sitting,9.67907534627604e-5,0.0012668159123591382,-2.0479541075047283e-5,-0.009004755383475378,0.004185557334063447,-0.009756713653551609,0.9895927187263257,0.09256851619134138,0.14351388573941762
20,standing,1.0327545037444351e-4,-4.885052696052012e-4,0.0026113013940316783,0.0036523939297044093,0.0020355631493471746,-0.00396810774798461,0.9802479013270547,-0.2879858988398973,0.06672815353684212
20,walking,-0.001027606987745098,-0.0021304863680147055,-0.001728287947242647,0.004398146381433827,1.0580792224264751e-4,-5.296926622395836e-4,0.971149185646446,-0.3280845341173713,-0.0417760522503462
20,walking downstairs,0.0038266423653506945,0.003932245788345486,0.0012238164825625001,-0.08631653791711806,0.03984059838125,0.007775284823767361,0.9899789528993056,-0.25508210571546874,-0.032071591293055556
20,walking upstairs,-0.005250410733180147,-0.005815614695523897,-0.004200711562490043,0.0965282706310049,-0.045290046315885416,-0.012229143274662992,0.8800316129963235,-0.46704982496017156,-0.1375949437721737
21,laying,-0.0012880648538434896,-6.740779623411458e-4,0.0016694768562189237,-0.0029266973005354167,-0.017816434820241492,0.005203911885708794,0.21112076028993054,0.6166177928645833,0.7707786578298611
21,sitting,-7.449290427297793e-6,0.00143568811549807,-0.0012388588824610294,0.00804823217335533,0.0040777338932509195,-0.001416372364543511,1.0005046123621324,0.040984846389154415,-0.06255906386650735
21,standing,-1.2849586494903442e-4,2.253733749355688e-4,-6.970899541326371e-4,0.00876820895362851,2.383046816088483e-4,6.795197661796e-5,0.9587867571629214,-0.32743816041959267,-0.21031935330582865
21,walking,3.3132870119591333e-4,-5.365129110096155e-4,0.0013174995174038463,-0.018829807320898437,0.006912350924624399,0.005328254060458834,0.9460298303936299,-0.3529977351208684,-0.22133792364406552
21,walking downstairs,0.0049222903429166675,-9.513885557986148e-5,0.003349314704805556,-0.10180767823137153,0.04088453689897569,0.027563287361126735,0.9578049300347222,-0.33826314306666666,-0.18679983330374653
21,walking upstairs,-0.0025515306317243345,-0.0034532430778324466,-0.005651010757526596,0.09311384937091091,-0.03669878524908577,-0.040630256875,0.8856169753324468,-0.4171622194346742,-0.31555967322024603
22,laying,4.912876701363499e-4,0.0015080625803411025,-8.236330890536024e-4,0.007058286755329861,-0.008232045932023004,0.025967243512925346,0.04023756612356771,0.6512503682834201,0.7522208321072049
22,sitting,-8.226623098951613e-4,0.002513103586045615,8.193332643447579e-4,-0.008630518695685938,-0.002267557144063042,-0.0026069074494603586,0.9284551685609879,0.22885967719115424,0.3053950843031754
22,standing,3.0460725394268354e-4,6.723382555307541e-4,0.0011034083927445437,1.5955481323908757e-4,0.0024076501918841764,-0.0057475365828797125,1.0107409230654762,-0.20740536517237104,0.02740204197998512
22,walking,2.656016420227578e-4,2.1861355715013586e-4,3.947990168648099e-4,0.029343975972724184,-0.009819390267017662,-0.003897507084799592,0.99799481796875,-0.24104336378303262,0.01784449779721807
22,walking downstairs,0.0014184940529513887,-0.0013961388857638888,2.946172203880209e-4,-0.05186265413927951,0.0020876867621527767,-0.01604916631234809,0.9890517095703125,-0.20527554820826824,0.03535551619182661
22,walking upstairs,-0.006014308353816965,-0.005100416428865328,-0.003053409903188244,0.1677526847827567,-0.04836356833436012,-0.031245478904144343,0.9587291095052083,-0.32344706244109,-0.10272079775866816
23,laying,-7.290633835323351e-4,-0.002369344840842448,0.001338164008018229,0.016846987949541863,-0.013866961661816623,0.010952247202945574,0.0580621596218533,0.45356759691840276,0.8987241451931424
23,sitting,-8.705906343005745e-4,0.0019635941620273437,0.0014861886690130971,-0.020197382568303907,0.002666903746848116,-0.009633183588830583,0.9971505827090993,0.1416167803375,0.05788435502895221
23,standing,6.66789921629366e-5,-3.1963835931629137e-4,-7.562742494335249e-4,-0.005223671537331319,0.004114427152150735,-0.002055341670098024,0.9863112786534927,-0.09951736846956848,-0.22604856398589981
23,walking,-8.993120201271184e-4,-6.418548399351165e-4,-0.0016765952110382417,-0.036551831902134534,0.004659237708911281,0.009457114679077595,0.9994559766949153,-0.1441436700256197,-0.165187134149232
23,walking downstairs,0.0025392538100549767,4.8622730349247664e-4,0.0031366714852604166,-0.031093243388355035,-0.004952137661793981,0.00399546279489294,0.9915096409288194,-0.09134827942159143,-0.1534045542758449
23,walking upstairs,-0.005683829526256128,-0.007996854457987132,-0.00613870942734375,0.1273395056808839,-0.01680685112723652,-0.05261889964419424,0.9265168253216912,-0.2041526406860677,-0.36144866726541053
24,laying,-9.737870208049045e-4,-1.1401159082339412e-4,3.5392744550889754e-4,0.013724042907771806,-0.009578171886054688,0.011240883063431966,0.0806408840326823,0.7554413495334201,0.6668557419379341
24,sitting,-8.449462868803746e-4,0.0021046836810828585,0.0017397637648910846,-0.008197243110483685,-3.0424771864924157e-4,-0.0027833479657832032,0.9852444060087316,0.20218518157973345,0.10388224932552849
24,standing,5.714864255642663e-4,0.001395005111284443,2.810712295063392e-5,-1.9210937083265388e-4,0.0022957252798793027,-0.004075449255822419,1.0197616668025362,-0.12556761881836503,-0.05763826347259511
24,walking,-1.2260725118534496e-4,-0.0028357716177365303,-7.559227708755388e-4,-0.02767913695609375,0.0038358061287877155,0.0048099979034383076,1.0143001188038794,-0.09975126582681304,-0.1447561071694558
24,walking downstairs,0.0022783139053210227,0.0013454377621647728,0.0011524985620170456,-0.060882599277465914,0.009079259933849431,0.01134838943950284,1.0104650830113637,-0.10876387022975113,-0.14207440572159802
24,walking upstairs,-0.0015857209555455508,-0.004227463426986229,-0.0019625427994107523,0.11962744187211334,-0.014264289788222986,-0.027220941178585804,0.9751202697960805,-0.22337083460515095,-0.2306979925650988
25,laying,-0.005519653199477098,-9.211559397099753e-4,0.002602689492214898,0.03238653306501113,0.0012186845118914813,0.023628062335834546,0.004093769891074486,0.6370109040602098,0.5143390596393408
25,sitting,1.9901583555641825e-4,0.001242294875175721,-2.8171472544086533e-4,-0.007766394332041539,-2.0808044764122595e-4,-4.6666905798930266e-4,0.9481332010336538,0.22732246291213942,0.1584473613051779
25,standing,9.025040208299195e-5,4.0973962177385983e-4,3.153698282211993e-4,0.0029704970012360645,0.0020099217136288006,-4.7102659643897827e-4,0.9933628475190034,-0.1406505738524071,0.19249752012563345
25,walking,2.920153855869932e-4,-7.918086498627534e-4,-1.4204503234797278e-4,0.012421918960831927,-0.003493390464674831,2.00971334026605e-4,0.9990019270375845,-0.10989155096510346,0.17949480766981524
25,walking downstairs,0.0028344140740436423,-0.0020345317782246766,3.684163429094828e-4,0.031627351190565464,-0.01208905139375,0.0051969958973168105,0.9959887604795259,-0.0563146201631708,0.20986013099498924
25,walking upstairs,8.648155006009617e-5,-0.005165506421076442,-0.0059140198821995196,0.08589801948226923,-0.01584664484877644,0.005881998496851202,0.9918728717548077,-0.20447678454538462,0.09492278537087212
26,laying,-0.0012220381048369654,-0.001075995355147204,0.0010918078830631167,0.010941844510454256,-0.007216461119275288,0.02925677906429971,-0.10490905038959704,0.8189822559930099,0.5994745944181743
26,sitting,-0.003984001202590505,0.005247493619316507,0.0035884124663872197,-0.009639876479405628,-0.0043909801513778044,-0.006737039006007893,0.8854422100060096,0.24612739964435998,0.3070204055388622
26,standing,7.31848530402027e-4,2.5036235798141894e-4,-6.376090340960728e-4,0.0032387418731752533,5.421646703345652e-4,-0.003833766944654983,1.019227978684544,-0.12183254204075168,0.08072481997994088
26,walking,3.480045898054554e-4,8.980684565333686e-4,-2.046037572722456e-4,0.02509686319229343,-0.004429770769822564,-5.425572851165255e-4,1.0154402207891948,-0.11479965894463719,0.10113114235621293
26,walking downstairs,3.521545298125005e-4,0.002366783028415625,6.17083384053125e-4,0.017453179452150625,-0.011758163751140626,-0.0018196637275937509,1.00564915171875,-0.05937723944751563,0.14634015794451874
26,walking upstairs,-0.0010065740635539768,-0.005782872714080966,-0.004504463750284744,0.0029700763857954554,0.0038734643576136363,-0.00627898058804088,1.0009650983380682,-0.23358655889407529,-0.011987579012650568
27,laying,-7.157744593802788e-4,-4.451051711458404e-4,2.008160184177998e-4,0.008387081095148963,-0.009682083613515413,0.01434238449177745,-0.040134822052502114,0.5847740685494088,0.8254642065350507
27,sitting,-7.489926069806005e-4,8.450817347396652e-4,9.202382305811384e-4,-0.009806271487239955,-0.002435882836292857,-0.0013089658626919418,0.9286411312834821,0.2315792539609375,0.26703798751004465
27,standing,4.1033916793753905e-4,2.8581647240253906e-4,1.5586165916810544e-4,9.72796377393164e-4,0.003084732094524805,-0.006483346658588281,1.0188291006152344,-0.16992575968007811,-0.010846452028724259
27,walking,-1.4967288360882679e-4,2.571557931524123e-4,-0.00149137185294682,-0.05972899153980263,0.01706853307080592,0.01413409683961623,1.0037060347176534,-0.16894787826799343,-0.131046397890392
27,walking downstairs,0.004115108060937501,0.0018786520772833806,-0.0014964604280415482,-0.13629446033778408,0.026198488534189986,0.02937127100939276,0.998508945756392,-0.14679404074035513,-0.14464912836976954
27,walking upstairs,-0.0024328882559742646,-0.0015510778625398287,-0.005028706156629902,-0.06843989993918505,0.034523197957090995,0.023810048578998162,0.9471379297487745,-0.2124850621851103,-0.3001056985592218
28,laying,-3.4256428626664066e-4,2.0160622409648443e-4,-1.2293252633593724e-5,0.010630292782784571,-0.010433720194033887,0.0032071539494014454,-0.011402368251367187,0.16214886215820312,0.009948058701171877
28,sitting,-1.232641440056424e-4,-7.355190191026909e-4,-0.0010604921564197048,-0.006422128144491103,0.003135631083042535,3.0654126186718757e-4,0.9772629289279514,-0.09513467594034289,0.12647849083494792
28,standing,4.519443299060524e-5,-6.575180920727851e-5,5.709120890478639e-4,0.0024202937638144783,1.98311946478837e-4,8.166537494699371e-5,1.0065568804588607,-0.2293540746041337,-0.04287003914192444
28,walking,7.527013398032409e-4,7.669332172586805e-4,0.0015172319723263889,-0.08067346909761285,0.025760963413628473,0.01315958522128183,1.0033149086516204,-0.2102044942359028,-0.12774486712828415
28,walking downstairs,0.0033109578168172555,-0.002562189093841712,-9.293664376019022e-5,-0.11697705197883831,0.036771930968276155,0.02314287367720788,0.9962277894021739,-0.22010627392213655,-0.12499605769928669
28,walking upstairs,-0.0032086614605346207,-0.0056680110080407475,-0.004362603639397978,-0.10487588613738358,0.04314677445258885,0.007695843119653799,0.9368204204810049,-0.320416285860769,-0.2705133137189032
29,laying,0.002002987832496852,-3.062843882780795e-5,-3.813544148297101e-4,0.0019046751206358693,-8.316674993351562e-4,0.018181238924045946,0.09245971103487319,0.8245422847373188,0.5743460896625906
29,sitting,-8.156415253721354e-5,2.661765985338542e-4,-6.950955230997396e-4,-0.010573624825504635,-5.600178778738282e-4,-0.012517864081036589,0.9661536244270833,0.17378500874479166,0.27509131967447914
29,standing,8.022739557680288e-5,-6.421745155233173e-5,-1.1609098836562495e-4,6.94343238810337e-5,0.001008335756250601,-0.0015820017138548077,1.024975092235577,-0.04042201681765625,0.025427895945095792
29,walking,-0.001149074300176592,4.4405002488207555e-4,5.533901419958725e-4,0.020336340482567807,-0.003440725652081368,-2.86608200722288e-4,1.015164240418632,-0.10865789705059258,0.08895698694375147
29,walking downstairs,0.00320758058274414,0.0011523224351770833,0.0033607648310416665,-0.010042988631412756,-0.004860415625195314,-0.0018183319203483072,1.0096990161946615,-0.056792417988701174,0.08821263005727864
29,walking upstairs,-0.0025044371455197703,-0.006718158376006059,-0.0032019731994355873,0.12466307577408323,-0.03521141364392538,-3.987661467952805e-4,0.9903892505899234,-0.21549632949478637,0.03488552600587053
30,laying,7.126554191183036e-4,-0.0012122832262198438,0.0015359142693223214,9.216744061197544e-4,-8.164067836953124e-4,0.0033258091275620533,0.09262063992439733,0.748580899921875,0.6656981581473215
30,sitting,-0.001904120809284904,0.0047682632173878525,0.0029044171750408267,-0.008423816616723829,-6.3923549266632736e-6,-0.007140100548945555,0.9175914896673387,0.13726780968475302,0.3361900031123992
30,standing,-9.542880579078389e-5,6.38676100415783e-5,-1.4818082510646176e-4,6.294078087923713e-5,0.0032985967934881354,-0.0026915316528254764,1.0205900946504238,-0.08205087144654397,0.01821194361841896
30,walking,-2.40909416594952e-4,-2.3597005665625017e-4,0.00319866433296875,-0.01884857313548077,0.004254115056370193,-0.0010515816550528845,1.0180831240504808,-0.139655392313875,-0.006183524690728365
30,walking downstairs,0.0011571192698462704,-1.5747785482358876e-4,0.002751570153830645,-0.04835401247952873,0.002270184352557964,0.0014357562528981849,1.0143771556451613,-0.10865248417733493,0.025537620911323083
30,walking upstairs,-0.0012694820712980768,-0.004297342348906249,-0.005414231224603366,0.024871114126971152,-0.001634970201005649,-0.0021522561254086543,0.9934423609375,-0.21260327631352643,-0.03269630329989423
